"N2O.flux","Temperature","DO","NO3","newDate","SecNo"
0.157583603884174,21.6,9.2,0.01,2007-09-05,"S1"
0.61080701438949,17.2,6.9,0.01,2007-09-05,"S1"
11.1676842698042,6.5,9.5,0.66,2009-04-24,"S1"
0.425032513825272,18.1,5.6,0.01,2007-09-05,"S1"
37.5385014775694,20.9,2.9,0.37,2007-06-14,"S1"
22.9606356293104,21.7,6,0.36,2007-06-14,"S1"
16.1070493802043,27.6,11.2,0.38,2007-06-14,"S1"
15.1812927129164,11.15,11.5,0.73,2009-04-24,"S1"
12.3052136814454,7.2,11,0.7,2009-04-24,"S1"
0.55425457297244,6.9,10.9,0.41,2009-04-24,"S1"
-2.85795530880758,21.4,3.8,0.18,2007-06-14,"S1"
-1.56401161739037,17.4,4.3,0.09,2007-09-05,"S1"
2.95083391365027,10.5,11.3,0.62,2009-04-24,"S1"
-1.02828272454564,26.8,8.4,0.03,2007-06-14,"S1"
-1.89583346114757,23.1,9.1,0.01,2007-09-05,"S1"
-0.476109438894904,18,7.2,0.31,2007-09-05,"S1"
5.98279153984335,6.9,10,0.63,2009-04-24,"S1"
-1.64322491703737,20.1,5.8,0.02,2007-06-14,"S1"
8.76985954711405,10.1,12.2,0.4,2009-04-24,"S1"
1.37219493397712,25.3,10.1,0.04,2007-06-14,"S1"
12.4882089053192,7.2,11.3,0.59,2009-04-24,"S1"
23.8223420089867,23.1,7.5,0.07,2007-06-14,"S1"
16.3089116483055,11.6,12,0.73,2009-04-24,"S1"
31.5606311933609,27.8,11.3,0.08,2007-06-14,"S1"
10.0015019970589,7.3,10.3,0.61,2009-04-24,"S1"
24.309654460084,22.8,4.7,0.07,2007-06-14,"S1"
24.1549375236482,18.5,7.6,0.09,2007-09-05,"S1"
19.8575763889095,23.4,10.1,0.09,2007-09-05,"S1"
6.55163784214024,24,10.9,0.17,2007-06-11,"S1"
6.80664656955099,6.5,10.5,0.94,2009-04-24,"S1"
8.98642007399385,9.6,12.2,0.77,2009-04-24,"S1"
7.12836660389512,22.2,8.7,0.11,2007-06-14,"S1"
0.501820612693324,17.81,7,0.14,2007-09-05,"S1"
-2.24355876040574,21.4,10.4,0.23,2007-09-05,"S1"
24.6390006632206,14.5,11.9,1.14,2007-06-14,"S1"
16.127279497289,12.7,10.6,0.96,2007-06-14,"S1"
6.68508816897276,7.4,13.3,1.36,2009-04-24,"S1"
-2.34613626674248,22,9.6,0.13,2007-09-05,"S1"
3.16061797179115,20.53,6.7,0.14,2007-09-05,"S1"
4.37230165792658,5.9,11.5,1.08,2009-04-24,"S1"
3.42001372622741,16.5,7.9,1.23,2007-06-14,"S1"
2.67491780665048,19.57,7.3,0.49,2007-09-05,"S1"
2.21516962375914,7,11.2,1.42,2009-04-24,"S1"
3.8991215272139,19,10.6,1.34,2007-06-14,"S1"
1.00480684792962,21.4,9.3,0.44,2007-09-05,"S1"
3.51810975573216,7.4,12.3,1.46,2009-04-24,"S1"
9.82542125104647,19.23,5.9,0.41,2007-09-05,"S1"
3.23550892126295,23.4,11.6,0.24,2007-09-05,"S1"
31.5727115720716,18.8,5.8,1.34,2007-06-14,"S1"
8.34064981609332,24.2,12.1,1.47,2007-06-14,"S1"
2.90678884129611,6.2,10.1,2.57,2009-04-24,"S1"
4.38933877787012,11.4,16.4,2.28,2009-04-24,"S1"
4.44282909157682,19.1,8.5,0.44,2007-09-05,"S1"
17.5718222898793,20.1,9.1,1.57,2007-06-14,"S1"
7.92003328991404,10.56,8.6,2.64,2006-05-24,"S1"
5.08690366134064,7.1,12.5,2.45,2009-04-24,"S1"
4.81728385186282,11.52,12.1,2.57,2006-05-24,"S1"
11.2546564918616,10.88,8,2.65,2006-05-24,"S1"
6.04732814442168,14.09,15.3,2.52,2006-05-24,"S1"
5.21738792067165,10.73,10.3,2.66,2006-05-24,"S1"
6.72864635960871,17.7,16.9,2.39,2006-05-24,"S1"
4.40733793704915,12.56,13.1,2.55,2006-05-24,"S1"
3.30772017678763,15.92,16.4,2.41,2006-05-24,"S1"
10.2684326430598,17.14,11.5,2.39,2006-05-24,"S1"
11.6304108495695,16.54,10,2.41,2006-05-24,"S1"
14.7774450862464,15.85,8.8,2.43,2006-05-25,"S1"
16.7769790211064,15.14,7.9,2.44,2006-05-25,"S1"
18.5942490736996,14.5,7.4,2.43,2006-05-25,"S1"
19.4147274181676,13.98,7.2,2.48,2006-05-25,"S1"
20.1207242896055,13.51,7.2,2.43,2006-05-25,"S1"
21.6311589860559,13.21,7.1,2.5,2006-05-25,"S1"
16.6388698054615,13.12,7.8,2.48,2006-05-25,"S1"
31.6837861660006,18.83,8.2,1.17,2006-07-05,"S1"
3.88913971805864,17.91,16.8,2.38,2006-05-24,"S1"
4.90621814842391,18.35,16.4,2.37,2006-05-24,"S1"
3.49877106575968,18.01,14.9,2.38,2006-05-24,"S1"
6.94195871868626,19.12,11.1,1.16,2006-07-05,"S1"
6.3753911508167,20.41,11,1.2,2006-07-05,"S1"
5.27708717134455,21.27,10.6,1.15,2006-07-05,"S1"
5.24259800687107,22.04,13.4,1.19,2006-07-05,"S1"
5.54252839372909,22.81,11.4,1.08,2006-07-05,"S1"
4.78889145624322,22.72,11.4,1.12,2006-07-05,"S1"
5.39237726600679,21.73,8.9,0.96,2006-07-05,"S1"
9.03036176657418,21.16,8.1,1.1,2006-07-05,"S1"
15.0969595606348,20.2,7.3,1.06,2006-07-06,"S1"
20.7610673574607,19.38,6.9,1.12,2006-07-06,"S1"
25.186288786343,18.57,6.8,1.16,2006-07-06,"S1"
25.141685393591,17.96,6.7,1.07,2006-07-06,"S1"
26.6617222234495,17.23,7.2,1.2,2006-07-06,"S1"
19.3836170829218,16.73,7.1,1.25,2006-07-06,"S1"
14.9534665343425,16.45,7.4,1.16,2006-07-06,"S1"
3.39305575841536,25.72,12.1,0.52,2006-08-09,"S1"
1.45366074948495,25.29,10.5,0.53,2006-08-09,"S1"
3.95686937602623,24.7,8.6,0.55,2006-08-09,"S1"
8.37209119747612,23.86,6.8,0.57,2006-08-09,"S1"
11.97801811732,23.19,6.1,0.57,2006-08-10,"S1"
13.7676744772074,22.61,5.8,0.57,2006-08-10,"S1"
16.9707270803525,21.98,5.4,0.59,2006-08-10,"S1"
15.5754590804558,20.88,5.3,0.62,2006-08-10,"S1"
19.9728816793817,20.24,5.1,0.64,2006-08-10,"S1"
14.7411091650059,19.65,6,0.67,2006-08-10,"S1"
16.4217854579103,19.59,5.7,0.69,2006-08-10,"S1"
10.1477176101864,20.05,7.1,0.68,2006-08-10,"S1"
5.9316120235575,20.99,8.4,0.69,2006-08-10,"S1"
3.08140583994322,22.79,12.4,0.63,2006-08-10,"S1"
3.66279128240693,23.85,10.3,0.55,2006-08-10,"S1"
4.04563683443762,24.53,10.5,0.53,2006-08-10,"S1"
2.72450914753819,24.83,10.3,0.5,2006-08-10,"S1"
2.7878841340919,24.95,10,0.5,2006-08-10,"S1"
3.83268451355957,24.48,8.6,0.52,2006-08-10,"S1"
3.4874496230414,23.86,6.8,0.56,2006-08-10,"S1"
0.959694795839216,15.39,11.4,0.88,2006-10-04,"S1"
21.7281290252641,17.98,8.1,1.17,2006-07-05,"S1"
14.9529784568523,17.78,8.5,1.17,2006-07-05,"S1"
10.087778273802,18.2,9.9,1.28,2006-07-05,"S1"
1.27534425142664,13.39,8.1,0.94,2006-10-04,"S1"
0.305073106828631,12.94,8.1,0.97,2006-10-05,"S1"
0.377275769752787,12.31,8.1,1.02,2006-10-05,"S1"
0.790964381992961,11.92,8.1,1.15,2006-10-05,"S1"
1.73298673958072,11.45,8.3,1.14,2006-10-05,"S1"
3.11190900883501,11.21,8.5,1.18,2006-10-05,"S1"
2.72655525127799,10.94,8.7,1.21,2006-10-05,"S1"
2.2523432005534,10.91,9.3,1.27,2006-10-05,"S1"
2.10277395364769,11.27,10.2,1.37,2006-10-05,"S1"
1.97161493043122,11.9,11,1.39,2006-10-05,"S1"
2.68990225665634,13.21,12.2,1.53,2006-10-05,"S1"
0.743079697121879,13.86,12.2,1.52,2006-10-05,"S1"
3.1799760031212,14.07,12.4,1.55,2006-10-05,"S1"
2.15835759300395,13.86,12,1.55,2006-10-05,"S1"
2.53862862060279,13.39,11.2,1.5385,2006-10-05,"S1"
1.64344051997697,5.75,10.5,3.0789,2006-11-10,"S1"
-0.0355868737253132,3.15,12.4,4.6874,2006-11-24,"S1"
1.06478762456546,3.4,12.6,3.22,2006-12-02,"S1"
0.114005487332009,0.7,13.2,2.49,2006-12-05,"S1"
-1.78796324995172,3.72,11.6,3.45,2007-01-05,"S1"
5.97138250659454,0,12.6,2.91,2007-03-01,"S1"
3.5096447482282,0.03,13,4.69,2007-03-15,"S1"
8.06571165467022,0.05,13.2,5.23,2007-03-17,"S1"
0.184426355005972,0.05,14,2.83,2007-03-21,"S1"
2.72110445375232,0.27,13.5,3.98,2007-03-23,"S1"
7.83729352396917,2.1,12.8,3.29,2007-03-27,"S1"
0.599840701896847,3.64,12.2,3.4,2007-04-17,"S1"
3.49760805788644,10.7,10.2,2.4,2007-05-08,"S1"
16.5770557850111,16.11,10,2.1,2007-05-24,"S1"
10.9647041607159,18.72,7.56,1,2007-07-26,"S1"
0.603334661200502,17.59,8.3,0.27,2007-09-25,"S1"
0.149637666949858,0.78,14.6,2.05,2007-11-23,"S1"
8.50806385285547,0.07,12.9,4.9,2008-02-05,"S1"
8.1675362173457,18.67,15.2,1.52,2008-06-06,"S1"
7.03400283580915,0.38,14.8,2.6,2009-03-07,"S1"
7.46492478372871,0.66,13.7,2.06,2009-03-08,"S1"
8.91794892338658,0.74,13.9,2.15,2009-03-09,"S1"
-7.91583097936602,17.81,7.2,0.55,2009-09-15,"S1"
-0.410077579204998,9.07,10.6,1.25,2009-10-29,"S1"
-0.150897310803936,3.83,12.3,1.31,2009-11-18,"S1"
2.18014721342346,4.9,10.9,1.94,2009-12-03,"S1"
0.846708069153765,-0.05,11.9,2.31,2009-12-16,"S1"
3.88627242707657,-0.05,12.8,1.67,2010-01-06,"S1"
2.7487554775134,1.5,12.7,1.79,2010-02-24,"S1"
4.83801969538426,1.8,13.7,2.61,2010-03-11,"S1"
16.9427757289509,0.9,13.4,3.99,2010-03-14,"S1"
4.97955436908776,0,11.9,1.99,2010-03-16,"S1"
3.77943968965754,5.8,11.6,2.16,2010-04-01,"S1"
26.4077535858435,12,9.4,2,2010-05-06,"S1"
9.36944052682439,15,10.8,2.09,2010-05-20,"S1"
7.5369468325042,16,8.9,2.05,2010-06-18,"S1"
14.4185652189197,18,7,1.37,2010-07-21,"S1"
3.78940310409853,21,6.5,0.98,2010-08-06,"S1"
2.48057184885993,20.1,6.6,0.88,2010-08-24,"S1"
0.128300640040482,17.2,6.7,0.52,2010-09-24,"S1"
-2.23337264458867,9,7.9,1.12,2010-10-15,"S1"
-2.93391446292511,3.8,10.1,1.32,2010-11-12,"S1"
0.0991622181039029,-0.3,12.7,3.06,2010-12-07,"S1"
4.74823031155492,0.3,12.8,2.31,2011-01-07,"S1"
3.25643705242832,-0.4,12,2.16,2011-01-28,"S1"
2.96441601455746,0.7,12,2.14,2011-02-17,"S1"
5.10721428918742,0.3,12.6,3.74,2011-03-01,"S1"
6.03941614466053,0.4,12,4.55,2011-03-06,"S1"
3.42907194562434,8.6,10.5,2.49,2011-05-05,"S1"
14.2480614432836,11.8,7.3,3.93,2011-05-19,"S1"
15.9944165543709,19.8,8.3,1.73,2011-06-16,"S1"
29.0928552562284,17.8,6.6,2.23,2011-06-28,"S1"
15.0469925464856,22.3,4.1,1.12,2011-07-25,"S1"
7.4095243500783,19.8,6.4,0.98,2011-08-10,"S1"
1.14919845103379,17.8,6.6,0.68,2011-09-27,"S1"
3.86814806901938,3.4,9.9,2.68,2011-11-06,"S1"
2.66612324128639,0.3,10.7,4.08,2011-12-13,"S1"
3.54372063908606,2.6,12.9,2.83,2012-01-06,"S1"
4.9034047488853,0.1,11.4,2.92,2012-01-30,"S1"
2.46142941958548,14.9,8.2,1.17,2011-10-14,"S1"
1.09244175065979,10.2,11.1,2.64,2011-10-19,"S1"
3.29652817977065,10.4,8.5,2.48,2011-10-20,"S1"
5.14782427790437,10.2,8.8,3.16,2011-10-20,"S1"
7.15996843514963,10.3,8.3,4.47,2011-10-21,"S1"
1.08775877408008,15.1,8.5,0.87,2006-10-04,"S1"
1.19870958118939,14.52,8.2,0.92,2006-10-04,"S1"
3.63909705459315,13.97,8.1,0.94,2006-10-04,"S1"
31.2980087443302,17.08,11.5,3.48,2006-05-24,"S1"
29.6345182146193,16.91,10.2,3.5,2006-05-25,"S1"
26.8281640668627,20.36,6.7,1.62,2006-07-06,"S1"
37.9810780745971,19.95,6.4,1.72,2006-07-06,"S1"
2.17525923043016,4.86,11.7,1.84,2007-11-21,"S1"
20.5446957383833,17.58,16.6,3.48,2006-05-24,"S1"
15.5073091587086,17.63,16.2,3.45,2006-05-24,"S1"
17.9021571966052,17.54,14.8,3.5,2006-05-24,"S1"
22.7934636155839,17.23,12.8,3.41,2006-05-24,"S1"
-2.25414849919316,1.96,12.5,2,2007-11-22,"S1"
27.2894352237909,20.79,6.5,1.59,2006-07-06,"S1"
36.6245569576137,16.71,9.2,3.45,2006-05-25,"S1"
40.6564815525777,16.52,8.3,3.43,2006-05-25,"S1"
27.3475746214741,17.19,16.5,3.47,2006-05-24,"S1"
24.6510310454915,23.04,5.8,0.82,2006-08-10,"S1"
30.6155478370546,22.74,5.6,0.82,2006-08-10,"S1"
-29.8874513886356,19.12,7.9,0.52,2009-09-15,"S1"
0.37401968489672,0.57,13.7,2.25,2007-11-23,"S1"
41.4141536769211,0.36,13.4,3.72,2007-12-14,"S1"
19.4898572625052,14.13,13.7,3.52,2006-05-24,"S1"
51.2409581605033,22.35,6.2,1.57,2006-07-05,"S1"
43.6884423096051,21.05,8,1.6,2006-07-05,"S1"
42.4463237673282,21.49,8.9,1.55,2006-07-05,"S1"
37.992560753046,22.05,9.8,1.52,2006-07-05,"S1"
48.5031052344458,16.26,7.7,3.43,2006-05-25,"S1"
53.5864171646993,15.7,7.1,3.46,2006-05-25,"S1"
41.3149018162915,25.1,9.8,1.35,2007-06-26,"S1"
26.5361301683887,15.41,14.9,3.65,2006-05-24,"S1"
21.1187189445071,16.63,15.6,3.49,2006-05-24,"S1"
28.480479975479,22.23,7.6,1.59,2006-07-05,"S1"
30.1357269876756,21.21,6.9,1.64,2006-07-06,"S1"
13.3805528327117,13.68,11,2.9,2006-10-05,"S1"
11.8306832398618,13.85,11.4,2.12,2006-10-05,"S1"
16.3624117091075,13.69,11.7,2.24,2006-10-05,"S1"
77.2902635004286,25.28,5.5,1.23,2007-06-27,"S1"
39.1100287112426,15.96,7.3,3.43,2006-05-25,"S1"
29.2812801752285,27.92,13.9,1.25,2007-06-26,"S1"
23.9073968461261,28.41,12.4,1.26,2007-06-26,"S1"
51.2809408873988,0.26,13,3.14,2010-01-29,"S1"
24.1188175504172,1,11.3,2.51,2010-02-24,"S1"
28.5706761589668,22.5,5.2,0.77,2006-08-10,"S1"
22.8197876076781,13.1,11.9,3.52,2006-05-24,"S1"
24.6619100709542,24.57,9.7,0.78,2006-08-09,"S1"
35.6049465642212,26.38,11.8,1.23,2007-06-26,"S1"
34.5734983273082,22.07,9.8,1.59,2006-07-05,"S1"
21.680756071311,23.35,8.8,1.55,2006-07-05,"S1"
29.1392548405759,22.99,8.3,1.52,2006-07-05,"S1"
14.0901609420426,12.32,9,1.9,2006-10-05,"S1"
33.1832492693432,21.69,7,1.61,2006-07-06,"S1"
11.8840075368248,13.26,10.3,2.04,2006-10-05,"S1"
44.1525777979523,19.67,6.3,1.69,2006-07-06,"S1"
23.5149162170785,24.27,8.8,0.79,2006-08-09,"S1"
25.015257836719,23.97,8.2,0.77,2006-08-10,"S1"
21.9687017546475,23.76,7.2,0.79,2006-08-10,"S1"
24.8795721697096,23.4,6.6,0.81,2006-08-10,"S1"
71.169852223175,25.9,10.2,1.53,2007-06-14,"S1"
3.22747119315787,6.54,11.1,4.3168,2006-11-10,"S1"
0.488116507393603,3.06,12.1,4.3882,2006-11-24,"S1"
6.27594791336969,5.7,10.6,4.73,2006-12-01,"S1"
9.52041805273507,3.53,12,4.7,2006-12-02,"S1"
0.924304763373086,4.31,11.6,4.55,2007-01-05,"S1"
20.2541153557838,25.07,9.6,0.77,2006-08-10,"S1"
54.6042701564359,0.26,11.8,4.57,2007-02-16,"S1"
42.9089496522757,0.24,12.1,4.13,2007-03-01,"S1"
36.4969523975226,23.29,11.5,1.57,2006-07-05,"S1"
36.5543960550944,23.74,11.5,1.57,2006-07-05,"S1"
59.9652597765313,0.25,13.1,4.49,2009-02-11,"S1"
53.9322396039202,0.36,13.3,3.14,2009-02-12,"S1"
1.71193952653667,21.59,8.7,0.64,2007-08-28,"S1"
1.04872437962179,22.58,10.6,0.61,2007-08-28,"S1"
89.5868722596165,20,7,3.22,2011-06-28,"S1"
15.3796874402135,12.81,9.5,3.51,2006-05-24,"S1"
15.4355069344561,12.29,9,3.56,2006-05-24,"S1"
22.9774352417695,12.06,9.3,3.57,2006-05-24,"S1"
19.7796431309654,12.19,10.3,3.55,2006-05-24,"S1"
32.8518664485404,0.51,13,6.86,2008-02-05,"S1"
21.7786051044819,0.8,14,5.06,2008-02-28,"S1"
28.5447846036001,23.66,10.3,0.79,2006-08-10,"S1"
28.3366332702086,24.78,10.4,0.74,2006-08-10,"S1"
29.2846434923076,25.21,10.6,0.78,2006-08-10,"S1"
26.7252570522162,25.55,10.7,0.76,2006-08-10,"S1"
24.097196226505,25.35,10.3,0.74,2006-08-10,"S1"
9.54092762833839,20.7,6.4,0.56,2007-09-05,"S1"
4.88366582195014,22.1,11.1,0.48,2007-09-05,"S1"
40.4186703694435,0.24,12.9,3.96,2007-03-12,"S1"
11.301781401938,15.98,7.9,1.09,2006-10-04,"S1"
59.6342567279082,21.54,7.2,1.57,2006-07-05,"S1"
50.2728470576317,21.17,6.9,1.61,2006-07-05,"S1"
14.3568667834552,15.24,7.8,1.32,2006-10-04,"S1"
16.0955985858938,14.92,7.7,1.37,2006-10-04,"S1"
8.12848729194166,14.56,7.8,1.48,2006-10-05,"S1"
49.58447706078,0.25,14.3,3.6,2009-02-09,"S1"
30.4656170598952,23.82,11,1.61,2006-07-05,"S1"
30.7127329602793,23.93,10.1,1.6,2006-07-05,"S1"
31.7295307896877,0.25,14.3,2.48,2009-03-07,"S1"
37.669529477356,0.72,13.4,2.69,2009-03-08,"S1"
78.9906266230553,0.76,13.3,2.89,2009-03-09,"S1"
60.9643406720226,17.9,6.7,2.67,2011-06-16,"S1"
7.54625017510614,23.9,12.3,0.68,2007-08-28,"S1"
3.41730542726125,24.72,13.1,0.59,2007-08-28,"S1"
-1.56911466017424,19.43,7.7,0.23,2007-09-25,"S1"
23.4045517954828,25.28,12.4,0.78,2006-08-09,"S1"
24.490052538844,25.01,11.1,0.78,2006-08-09,"S1"
2.33734731289915,9.62,9.6,1.42,2009-10-29,"S1"
6.05123228787512,3.93,12.6,1.68,2009-11-18,"S1"
9.14559317909247,4.91,10.8,2.21,2009-12-03,"S1"
9.44221307025302,0.33,13.3,2.95,2009-12-16,"S1"
22.5980898180315,0.07,12.6,2.94,2010-01-06,"S1"
14.6034643856854,1.3,11.5,5.42,2011-12-13,"S1"
10.5348373325184,0.6,9.5,4.06,2012-01-30,"S1"
191.045489035006,0.6,8.8,2.94,2010-03-11,"S1"
497.633260540984,1.6,7.8,4.93,2010-03-14,"S1"
32.6638695604042,22.97,7,0.76,2006-08-10,"S1"
13.2538985398394,15.5,7.9,1.45,2011-10-14,"S1"
14.0560693493077,3.14,12.1,4.18,2006-12-03,"S1"
2.01786122249837,0.54,12.7,3.83,2006-12-05,"S1"
31.622684577251,10.2,8.3,3.87,2011-10-20,"S1"
41.3081350382544,10.8,8.8,3.7,2011-10-20,"S1"
44.1119565377786,19,9.1,2.68,2010-06-18,"S1"
21.0831147567116,24.66,8.7,0.79,2006-08-10,"S1"
242.745160824322,29.5,14.1,2.22,2010-07-08,"S1"
86.4842935578247,30.4,15.6,2.02,2010-07-08,"S1"
19.5389100377148,18.6,7.3,1,2010-09-24,"S1"
13.8882799833703,15.63,7.9,1.2,2006-10-04,"S1"
64.0689829800535,28.9,8,2.01,2010-07-08,"S1"
42.8597074876122,3.21,11.9,4.78,2007-03-27,"S1"
17.4874122855747,14.26,7.9,1.5462,2006-10-05,"S1"
10.6084450799928,13.79,8,1.64,2006-10-05,"S1"
14.8551499590053,13.29,7.8,1.75,2006-10-05,"S1"
3.77633217431034,12.95,8,1.8,2006-10-05,"S1"
4.9636367657314,12.55,8,1.81,2006-10-05,"S1"
16.2743990458407,12.36,8.3,1.86,2006-10-05,"S1"
86.4988223455127,12.2,8.1,4.64,2011-05-19,"S1"
46.600354597791,16.17,6,3.04,2011-06-02,"S1"
33.558347097318,27.59,9.6,1.22,2007-06-26,"S1"
8.89273222997097,12.57,10.1,1.95,2006-10-05,"S1"
44.2043957951214,27.08,7.7,1.21,2007-06-26,"S1"
54.814476308417,26.57,6.4,1.29,2007-06-27,"S1"
74.9904919658258,25.74,5.1,1.29,2007-06-27,"S1"
81.6490918713005,25.3,5.4,1.53,2011-07-25,"S1"
29.2883929530501,21.7,6.4,1.19,2011-08-10,"S1"
11.7403864239325,18.7,6.7,1.3,2011-09-27,"S1"
10.7885604694114,4.4,10.6,3.68,2011-11-06,"S1"
66.7365022818529,23.4,7.7,1.48,2007-06-14,"S1"
21.4097712789812,24.28,7.7,0.79,2006-08-10,"S1"
7.60675618141964,2.1,9.8,3.89,2012-01-06,"S1"
38.5599431908742,2.5,10.9,3.03,2010-03-16,"S1"
11.9538059052674,7.9,10.9,2.88,2010-04-01,"S1"
37.9664664462536,14,9.4,2.72,2010-05-06,"S1"
66.5110691791994,18,11.3,3.08,2010-05-20,"S1"
81.0861450100581,30,14.7,2.28,2010-07-07,"S1"
196.656554901552,28.3,12.6,2.27,2010-07-08,"S1"
71.2549185537405,30,13.4,2.08,2010-07-08,"S1"
72.0537529630044,29.6,10.6,2.03,2010-07-08,"S1"
-4.55171636239714,8,8.4,2.62,2010-10-15,"S1"
-2.60373909499063,4.7,10.4,2.01,2010-11-12,"S1"
4.39509632409805,-0.4,12.3,4.35,2010-12-07,"S1"
128.687441398212,19.2,10.9,0.98,2005-10-06,"S1"
18.7136087157143,21.29,7.24,0.8,2007-07-26,"S1"
5.8158258347118,25.26,13.2,0.58,2007-08-28,"S1"
2.4290292078618,21.05,7.2,0.66,2007-08-28,"S1"
39.0261642078248,0.26,12.6,5.8,2007-03-15,"S1"
64.140995677775,26.27,5.9,1.27,2007-06-27,"S1"
15.0840567885251,13.41,11.3,2.3845,2006-10-05,"S1"
15.4585458510593,4.11,14.3,3.5,2009-03-24,"S1"
38.3172207772743,18,7.9,2.06,2010-06-04,"S1"
47.385819238023,21,6.4,2.07,2010-07-21,"S1"
88.4184706166373,27.2,9.4,2.21,2010-07-08,"S1"
13.312013241707,16.2,8,1.07,2006-10-04,"S1"
9.22067885700569,20.5,6.4,1.38,2010-08-24,"S1"
6.37544390693297,10.4,10.3,3.59,2011-10-19,"S1"
23.0556217706911,0.27,13.1,6.47,2007-03-17,"S1"
98.3648466053461,29.7,11.8,2.26,2010-07-07,"S1"
9.14289516466541,0.4,13.1,3.31,2011-01-07,"S1"
18.9419013648373,0.29,13.1,4.52,2007-01-31,"S1"
18.7930436035333,10.6,7.1,3.25,2011-10-20,"S1"
57.982146483289,0.6,12.6,4.93,2011-03-06,"S1"
13.3424644104742,23,6.8,1.39,2010-08-06,"S1"
21.5998088588137,9.3,10.3,3.64,2011-05-05,"S1"
157.748855413261,27.4,4.9,2.06,2010-07-08,"S1"
34.7139650199138,0.5,10,3.01,2011-01-28,"S1"
39.4673277875418,0.2,12,3.28,2011-02-17,"S1"
30.9898994997395,0.6,10.8,5.05,2011-03-01,"S1"
15.7262506500005,7.6,10.6,3.25,2009-04-24,"S1"
6.04951143294797,0.7,11.5,4.14,2011-03-25,"S1"
104.175821151428,26.6,6.1,2.35,2010-07-08,"S1"
143.265723128717,28.7,7.2,2.13,2010-07-08,"S1"
83.9422148197065,25.42,4.8,1.28,2007-06-27,"S1"
25.7375721708101,13.58,9.1,3,2007-05-08,"S1"
2.13226382006854,0.47,13.5,1.78,2007-03-21,"S1"
162.804289040887,28.1,5.7,2.33,2010-07-08,"S1"
127.101895146192,26.8,4.6,2.29,2010-07-08,"S1"
120.940671875576,29.2,9,1.91,2010-07-07,"S1"
32.5246738842477,1.49,12.1,4.48,2007-03-23,"S1"
4.21586696297615,4.18,16.9,4.3,2007-04-17,"S1"
16.6406780580534,11.2,16,3.05,2009-04-24,"S2"
12.1890293014129,20,5.3,1.24,2007-09-05,"S2"
51.3584476524128,26.5,12.6,1.72,2007-06-14,"S2"
50.1799603102086,22.9,5.7,1.81,2007-06-14,"S2"
19.8758628104706,8.1,10.4,3.52,2009-04-24,"S2"
16.4299958281399,23.4,14,1.46,2007-09-05,"S2"
51.7593200654449,12.37,6.8,2.12,2006-10-02,"S2"
54.3306891741271,12.68,6.2,2.1,2006-10-02,"S2"
21.0219012766772,4.75,17.2,4.1,2007-04-17,"S2"
63.4314368208401,13.2,7.8,3.08,2011-05-19,"S2"
28.2492191924794,0.75,12.8,4.5,2007-03-23,"S2"
159.974170601319,23.74,4.5,2.55,2006-08-12,"S2"
57.5585035319743,14.12,10.5,3.9,2007-05-08,"S2"
433.581986598281,21.2,9,2.93,2011-06-16,"S2"
161.741554260215,24.53,6.4,2.58,2006-08-12,"S2"
206.889855606278,29.5,5,3.28,2010-07-08,"S2"
415.428180669834,28.8,3,2.76,2010-07-08,"S2"
110.061478412578,18.05,6.3,3.36,2011-06-02,"S2"
16.7888101997798,3.17,12.1,4.18,2006-12-03,"S2"
440.69624735044,21.4,6.2,3.22,2011-06-28,"S2"
105.205247765008,13.59,7.5,2.2,2006-10-02,"S2"
169.233302842065,14.56,7.3,2.22,2006-10-01,"S2"
165.996311708469,13.3,5.4,2.09,2006-10-02,"S2"
53.1018631508792,4.29,11.5,4.56,2007-03-27,"S2"
979.194288679652,28.97,6.9,2.7,2007-06-26,"S2"
13.3407605184338,3.7,12,4.6,2006-12-02,"S2"
1107.90513272489,18.56,9.8,2.94,2008-06-06,"S2"
1613.71825221085,21.82,0.66,2.12,2007-07-26,"S2"
227.790400808165,14.59,8,2.32,2006-10-02,"S2"
230.08704051557,15.31,8.1,2.4,2006-10-02,"S2"
151.588946883226,15.55,7.8,2.37,2006-10-02,"S2"
448.904918968237,22.3,2.8,1.98,2011-08-10,"S2"
94.4404259591692,13.3,12.2,3.48,2011-05-05,"S2"
16.9675740696168,1,8.6,4.62,2011-03-25,"S2"
146.769032789469,25.5,9,2.1,2007-07-10,"S2"
174.210170682032,14.33,7.1,2.19,2006-10-01,"S2"
114.582038674065,15.42,7.2,2.37,2006-10-02,"S2"
69.2084225184972,1,11.9,3.54,2011-02-17,"S2"
24.7868399280711,0.7,9,4.25,2011-03-01,"S2"
119.950453446294,7.82,10.4,4.2899,2006-11-10,"S2"
388.001441588336,19.2,1.5,2.77,2011-09-27,"S2"
110.423531056831,6.47,9.9,3.47,2006-12-01,"S2"
17.8895294196433,2.2,13,3.79,2012-01-06,"S2"
16.0668697860154,1,12.3,3.62,2012-01-30,"S2"
709.24000314793,21.78,2.03,2.19,2007-07-26,"S2"
1090.91487113076,26.1,4.7,1.95,2011-07-25,"S2"
43.763526506758,1,11.5,3.95,2011-03-06,"S2"
139.34122492372,21.56,6.5,1.93,2006-08-12,"S2"
159.147337371065,25.09,9.1,2.62,2006-08-12,"S2"
165.141279217633,24.96,7.9,2.62,2006-08-12,"S2"
57.0133291324782,9,6.9,3.34,2010-10-15,"S2"
64.2730514261592,6.7,9.4,3.24,2010-11-12,"S2"
20.7560033413901,0.2,12,3.63,2011-01-07,"S2"
50.6673937823026,-0.3,9.6,4.27,2011-01-28,"S2"
108.64492664358,13.79,5.8,2.19,2006-10-01,"S2"
98.8741211320758,13.49,6.1,2.15,2006-10-01,"S2"
112.42075524857,13.3,5.4,2.12,2006-10-01,"S2"
183.738352005528,12.79,4.8,2.15,2006-10-02,"S2"
123.825240279536,12.51,4.7,2.14,2006-10-02,"S2"
81.9016988394179,12.27,5.2,2.07,2006-10-02,"S2"
27.5033103726877,-0.3,13.1,4.32,2010-12-07,"S2"
136.623839860684,13.95,9.4,2.2,2006-10-01,"S2"
309.717546525872,19.89,3.4,2.03,2007-09-25,"S2"
105.562271338755,4.82,9.4,3.3806,2006-11-24,"S2"
85.4766834624224,5.6,9,3.63,2011-11-06,"S2"
103.028592765233,2.7,10.3,5.37,2011-12-13,"S2"
56.5320575305144,0.18,12.1,4.89,2007-02-16,"S2"
21.0360512478037,1.71,18.2,4.69,2007-03-01,"S2"
79.8355262632806,12.3,12.3,3.19,2009-04-24,"S2"
17.6118425865036,2.86,13.4,4.25,2007-03-12,"S2"
35.2698027713168,0.41,12.6,4.93,2007-03-15,"S2"
18.5598552595743,0.29,13.5,5.97,2007-03-17,"S2"
6.43985230202054,0.35,13.6,4.35,2007-03-21,"S2"
47.2107425330629,14.22,11.5,3.53,2006-05-22,"S2"
52.6117942682558,13.83,10.7,3.49,2006-05-22,"S2"
544.969579349823,19.11,10.8,3.02,2008-06-06,"S2"
390.923935897594,29.6,8.8,3.31,2010-07-07,"S2"
180.919566082255,29.6,10.7,3.1,2010-07-08,"S2"
179.684496760686,30.4,11.5,3.16,2010-07-08,"S2"
177.173123438779,30.5,11.5,3.1,2010-07-08,"S2"
166.142347819971,30.3,8.7,3.29,2010-07-08,"S2"
557.072408397869,19.9,2,2.45,2006-07-06,"S2"
811.413386360478,29,5.5,3.29,2010-07-07,"S2"
967.307966723906,28.3,2.9,3.25,2010-07-07,"S2"
63.7422989048993,12.51,5.8,2.1,2006-10-02,"S2"
340.022253826852,23.95,7.5,3.22,2006-07-06,"S2"
268.538401111611,23.36,6.5,3.29,2006-07-06,"S2"
256.231858000767,23.78,6.2,3.25,2006-07-06,"S2"
287.025995434755,23.42,4.4,3.25,2006-07-06,"S2"
293.081238551592,22.97,4.4,3.26,2006-07-06,"S2"
370.370289493655,22.22,2.6,3.23,2006-07-06,"S2"
457.372555723087,21.65,1.6,3.03,2006-07-07,"S2"
1061.1588561498,21.13,1.1,2.9,2006-07-07,"S2"
3749.26929333352,26.11,1.1,2.05,2007-06-27,"S2"
166.000929865963,23.74,4.4,2.51,2006-08-11,"S2"
18.4912862510785,1.08,12.7,3.71,2006-12-05,"S2"
8.76414717069506,5.05,11.3,3.49,2007-01-05,"S2"
22.68908072655,0.47,12.8,4.22,2007-01-31,"S2"
62.5225995668799,8.7,10.2,3.33,2009-04-24,"S2"
31.3953874841814,10.48,11.5,3.72,2006-05-22,"S2"
35.3833372361828,11.42,11.9,3.68,2006-05-22,"S2"
36.0618423168196,12.69,11.9,3.62,2006-05-22,"S2"
53.7667305675116,13.38,12,3.6,2006-05-22,"S2"
46.560001020645,14.14,12.4,3.55,2006-05-22,"S2"
48.5856888216117,14.4,12.2,3.51,2006-05-22,"S2"
142.464055582697,24.31,9.6,2.34,2006-08-12,"S2"
166.246087228942,24.87,9.3,2.53,2006-08-12,"S2"
193.63019087394,20.7,5.3,2.39,2010-08-24,"S2"
323.011807510984,20.7,12.9,3.05,2008-06-06,"S2"
299.664564541707,24.35,14.7,3.28,2008-06-06,"S2"
58.6618158171738,12.54,8.5,3.5,2006-05-23,"S2"
373.32708926837,24.05,7.65,2.52,2007-07-26,"S2"
320.87734267683,20.35,5.1,2.58,2006-07-06,"S2"
255.846154262074,21.28,8.3,2.53,2006-07-06,"S2"
249.249080459371,22.74,9.5,2.88,2006-07-06,"S2"
319.06373262841,23.95,11.4,3.01,2006-07-06,"S2"
382.793490702126,19.92,1.5,2.14,2007-08-28,"S2"
255.096027118686,21.74,3.1,2.14,2007-08-28,"S2"
143.720732606838,22.67,6.3,2.14,2007-08-28,"S2"
161.869410162135,24.12,8.5,2.22,2007-08-28,"S2"
203.861464356432,25.03,8,2.54,2007-08-28,"S2"
1122.52096385167,19.16,0.8,1.82,2007-09-25,"S2"
217.125999117506,27.9,9.1,3.01,2010-07-08,"S2"
1797.74607391596,20.73,1.1,2.79,2006-07-07,"S2"
169.923178893254,6.12,6.7,3.46,2007-11-21,"S2"
66.2758323132303,3.96,10.1,2.07,2007-11-22,"S2"
55.7575503072927,2.6,12.1,2.53,2007-11-23,"S2"
29.7483322348556,9.61,10.2,3.78,2006-05-22,"S2"
38.9723991940695,9.29,10,3.8,2006-05-22,"S2"
26.3118207838257,9.16,10.1,3.77,2006-05-22,"S2"
31.9151107082969,9.56,11,3.76,2006-05-22,"S2"
227.866912962948,21.21,1.5,2.19,2006-08-12,"S2"
191.79503112962,20.92,2.3,1.94,2006-08-12,"S2"
413.96924588859,21,10.3,4.28,2010-05-20,"S2"
222.884281368268,20,7.3,1.8,2010-06-04,"S2"
121.340970166181,23.37,9.6,2.13,2006-08-12,"S2"
1813.4910472486,23.6,1.3,1.67,2007-06-14,"S2"
41.5143809811785,0.86,13.4,2.34,2009-02-11,"S2"
44.0101364545024,0.4,13.3,2.86,2009-02-12,"S2"
62.6731364562257,1.55,13.4,2.97,2009-03-09,"S2"
28.5342237579926,20.97,8.1,2.5,2009-09-15,"S2"
79.4528807025119,5.84,9.1,2.55,2009-12-03,"S2"
14.8710367687863,0.3,13.3,3.17,2009-12-16,"S2"
22.1917387757301,0.54,13.2,3.67,2010-01-06,"S2"
22.6402323974226,2.71,12.7,3.4,2007-12-14,"S2"
664.681855381433,16.1,3.3,2.39,2011-10-14,"S2"
344.074974968844,11.1,5.9,4.19,2011-10-19,"S2"
57.2457369510246,11.1,6.1,2.68,2011-10-20,"S2"
38.8786666039466,10.7,7.5,2.55,2011-10-20,"S2"
44.2876395069961,11.1,8.3,4,2011-10-21,"S2"
195.912938635277,21,10.2,3.14,2010-06-18,"S2"
274.67167366961,22,6.6,3.09,2010-07-21,"S2"
52.1687786866895,23.6,5.3,2.03,2010-08-06,"S2"
145.858517038723,20.7,7.8,2.72,2010-09-24,"S2"
56.7881826556445,13.58,9.7,3.51,2006-05-22,"S2"
42.6718102169109,1.15,14.1,3.04,2009-02-09,"S2"
48.6751874889556,12.33,8.6,3.41,2006-05-23,"S2"
1386.2708126304,20.3,1.5,2.4,2006-07-06,"S2"
37.9109162037865,1.3,13.2,2.63,2009-03-08,"S2"
3420.49239151693,25.72,0.9,1.81,2007-06-27,"S2"
27.8255674310152,0.33,14.3,3.58,2010-01-29,"S2"
795.31325646276,27.6,1.9,3.02,2010-07-08,"S2"
525.289686188588,27.2,1.5,2.9,2010-07-08,"S2"
307.789426429018,26.8,1.6,2.66,2010-07-08,"S2"
187.481754698373,26.6,2.4,2.77,2010-07-08,"S2"
147.817981800649,26.7,5.5,2.98,2010-07-08,"S2"
360.621987259862,10.87,8.5,2.94,2009-10-29,"S2"
122.689706593382,6.8,12.2,3.16,2009-11-18,"S2"
3314.51683071757,26.54,1,2.4,2007-06-27,"S2"
1858.84299709254,20.42,1.2,2.63,2006-07-07,"S2"
1515.47003988866,27.37,1.3,2.62,2007-06-26,"S2"
1517.81394632458,20.23,1.1,2.49,2006-07-07,"S2"
75.2015518462013,4,14.1,2.89,2010-02-24,"S2"
52.7335848298518,1.86,12.7,3.78,2008-02-05,"S2"
28.6933471366709,0.69,13.2,4.81,2008-02-28,"S2"
75.0477077394235,13.33,9.3,3.52,2006-05-23,"S2"
79.4152065849772,13.11,8.9,3.52,2006-05-23,"S2"
2811.38152995418,25.41,0.8,1.67,2007-06-27,"S2"
2362.11639927811,25.31,1,1.49,2007-06-27,"S2"
59.5042592679178,12.37,8.4,3.48,2006-05-23,"S2"
428.828173187883,15.5,8.9,3.2,2010-05-06,"S2"
525.838428770136,25.9,10.6,2.41,2007-06-14,"S2"
145.434666918846,13.1,11.3,3.04,2010-04-01,"S2"
162.403606943185,25.15,7.6,2.47,2006-08-11,"S2"
55.436161648446,4.7,13.3,3,2010-03-11,"S2"
76.1436231698987,12.8,8.7,3.5,2006-05-23,"S2"
1007.55347124306,20,0.8,2.66,2007-09-05,"S2"
320.161245831734,23,7.7,2.39,2007-09-05,"S2"
33.4743492075675,2,11.1,3.11,2010-03-16,"S2"
389.288634824088,26.3,9.6,1.91,2007-06-26,"S2"
824.62544302877,28.91,11.1,2.09,2007-06-26,"S2"
403.094077441416,27.62,10.5,1.98,2007-06-26,"S2"
169.751599183463,25.47,6.1,2.45,2006-08-11,"S2"
83.4586993067172,2.2,13.1,4.86,2010-03-14,"S2"
1740.93415499402,25.45,2,1.4,2007-06-27,"S2"
269.669225796451,21.55,1.7,2.38,2006-08-12,"S2"
860.412393685863,24.6,5.1,1.82,2007-06-26,"S2"
243.033760613484,22,1.7,2.49,2006-08-12,"S2"
188.415742279193,22.99,3,2.37,2006-08-12,"S2"
213.532735436389,22.46,1.8,2.49,2006-08-12,"S2"
18.3322463123646,6.07,13.3,3,2009-03-24,"S2"
681.316170787888,24,3.6,2.63,2007-06-14,"S2"
55.7661947872272,20.66,4.5,2.73,2007-09-05,"S2"
17.3739670868436,8.5,10.9,3.37,2009-04-24,"S2"
673.588531461931,25.6,9.4,2.22,2007-06-14,"S2"
203.847967360987,25.6,7,3.21,2007-06-14,"S2"
83.0783057099024,20.7,5.6,3.26,2007-09-05,"S2"
18.3926150683932,10.9,11.7,3.48,2009-04-24,"S2"
56.1609897186108,21,6.2,3.01,2007-09-05,"S2"
17.25506380823,9.2,12,3.09,2009-04-24,"S2"
66.0074160979777,0.18,15.4,3.35,2010-01-29,"S3"
245.239854517164,22.3,8.9,3.07,2011-06-28,"S3"
38.3956408068625,0.18,14.4,3.25,2010-01-06,"S3"
43.5983713433032,20.1,9.7,3.76,2010-09-24,"S3"
178.41311649298,21.5,10.1,3.27,2011-06-16,"S3"
62.7974533182223,2.2,13,3.86,2010-03-14,"S3"
147.971922782719,18.89,8.6,2.95,2011-06-02,"S3"
497.329635660155,5.9,16.2,3.61,2010-03-11,"S3"
65.5743865456123,25.52,9.8,2.97,2006-08-11,"S3"
69.5218085833937,26.18,12.2,2.72,2006-08-11,"S3"
46.2598580892667,25.8,12.2,2.26,2006-08-12,"S3"
104.584678478358,13.3,7.7,2.48,2011-05-19,"S3"
40.6935649712379,3,15.5,3.66,2010-02-24,"S3"
49.2699115717534,23.32,11,2.38,2006-08-12,"S3"
42.7960985087422,11.9,11.6,3.01,2010-04-01,"S3"
45.0479454006665,26.09,13.3,2.25,2006-08-12,"S3"
15.7396483715126,9.86,10.8,3.33,2006-05-22,"S3"
14.9516806540288,0.18,14.6,3.22,2009-12-16,"S3"
33.5654380637557,11.02,11.1,3.16,2009-10-29,"S3"
27.8866238092791,6.17,16.8,3.3,2009-11-18,"S3"
47.2529615395593,25.01,12.8,2.41,2006-08-12,"S3"
34.6783842192183,1,10.6,2.69,2010-03-16,"S3"
24.3387772877571,12.65,8.3,2.75,2006-10-02,"S3"
53.459989477096,29.2,9.2,2.91,2010-08-24,"S3"
72.1310356700442,23.36,14,2.6,2006-07-06,"S3"
30.8775263358546,12.59,9.4,3.77,2006-05-22,"S3"
61.4745814301847,22.21,5.8,3.17,2006-08-12,"S3"
18.7359818732422,9.78,10,3.33,2006-05-22,"S3"
42.0812616774441,5.95,11.1,3.58,2009-12-03,"S3"
-15.5370740833373,20.63,10,3.06,2009-09-15,"S3"
233.790188807356,21.8,5.1,3.21,2007-06-14,"S3"
50.7122432525096,9,10,2.72,2009-04-24,"S3"
43.548177003731,11,14.7,3.15,2009-04-24,"S3"
32.7039707626611,0.45,15.3,3.34,2009-02-09,"S3"
115.568607025723,18.83,6.2,3.14,2006-07-07,"S3"
2.56352195586692,4.76,12,4.04,2007-01-05,"S3"
23.1056453327954,0.21,13.8,4.33,2007-01-31,"S3"
59.2474912544806,24.53,8.7,3.1,2006-08-11,"S3"
23.89127214383,12.65,9.1,3.83,2006-05-23,"S3"
30.8057990848572,12.72,8.9,3.81,2006-05-23,"S3"
17.5745596059167,9.96,9.9,3.4,2006-05-22,"S3"
1.64808158332341,0.64,14.2,4.38,2007-03-21,"S3"
26.3588750285403,12.57,9,3.55,2006-05-23,"S3"
16.7912653389724,10.31,11.9,3.34,2006-05-22,"S3"
143.033723651213,25,7,3.16,2007-06-14,"S3"
21.2902701946811,13.41,14.1,3.59,2006-05-22,"S3"
15.5171533146491,13.92,14,3.62,2006-05-22,"S3"
21.4509209512282,13.66,13.3,3.64,2006-05-22,"S3"
17.8578933016902,13.13,12.1,3.68,2006-05-22,"S3"
20.4348991620652,12.7,10.3,3.69,2006-05-22,"S3"
46.4360498641568,25.41,10.4,2.51,2006-08-12,"S3"
81.7207826704137,17.8,12.5,3.64,2008-05-15,"S3"
81.3953628031126,22.18,12.4,2.84,2007-09-05,"S3"
47.6748401709201,1.08,13.4,3.8,2007-12-14,"S3"
75.4355573104805,21.18,10.3,2.57,2006-07-06,"S3"
69.3512412464831,22.47,11.8,2.48,2006-07-06,"S3"
73.3287162159481,23.5,11.8,2.52,2006-07-06,"S3"
81.4079560447943,24.35,12.3,2.76,2006-07-06,"S3"
44.6447036530347,25.96,12.1,2.41,2006-08-12,"S3"
80.9469079513546,24.4,11.9,2.85,2006-07-06,"S3"
30.8635777734352,12.74,8.9,3.76,2006-05-23,"S3"
28.8419382718634,12.66,8.8,3.63,2006-05-23,"S3"
85.8334568833659,21.34,6.7,3.09,2006-07-07,"S3"
17.2547861911339,11.03,13.1,3.39,2006-05-22,"S3"
97.5311802308172,19.87,5.3,3.16,2006-07-07,"S3"
112.222874003988,19.36,5.3,3.18,2006-07-07,"S3"
118.035927261619,18.97,5.3,3.2,2006-07-07,"S3"
78.3939901601384,11.8,13.7,3.12,2011-05-05,"S3"
78.1487656427503,0.16,12.6,4.99,2007-02-16,"S3"
56.1351598028859,23.24,7,3.16,2006-08-11,"S3"
47.921645065052,0.15,17.3,4.42,2007-03-01,"S3"
146.833695373086,25.6,7,2.6,2011-07-25,"S3"
67.3929116062193,21.46,5.5,3.18,2006-08-12,"S3"
45.3404520044379,20.86,5.5,3.22,2006-08-12,"S3"
61.5944836735713,20.38,5.5,3.07,2006-08-12,"S3"
125.524202740591,18.9,5.9,3.19,2006-07-06,"S3"
49.616876866537,20.15,6.8,2.78,2006-08-12,"S3"
22.7725763135173,13.09,14,3.55,2006-05-22,"S3"
45.8886690957245,21.43,9.6,2.63,2006-08-12,"S3"
95.4883063975104,22.25,16.6,3.2,2007-05-24,"S3"
207.069935384105,16.3,7.5,3.35,2011-10-14,"S3"
49.1747622239906,24.12,8.5,2.71,2006-08-12,"S3"
36.1403220783253,14.05,10.6,2.71,2006-10-01,"S3"
63.6570396139209,20.14,5.9,3.09,2006-08-12,"S3"
29.9436067075051,13.21,8.8,2.6,2006-10-01,"S3"
111.365969752113,19.2,6.5,3,2006-07-06,"S3"
88.6442205608867,20.09,8.7,2.7,2006-07-06,"S3"
25.2871585679852,12.67,8.4,2.75,2006-10-02,"S3"
41.7030870574319,1,13.3,5.18,2008-02-05,"S3"
23.8651348047426,12.64,8.3,2.72,2006-10-02,"S3"
25.7421684500003,12.84,8.1,2.65,2006-10-02,"S3"
24.0169574762866,12.87,8.6,2.6,2006-10-02,"S3"
27.5264697595809,12.67,8.8,2.6,2006-10-02,"S3"
77.8664649443717,24.14,11.1,2.91,2006-07-06,"S3"
82.5660584705386,23.37,10.2,3.05,2006-07-06,"S3"
82.8653322363089,22.38,8.2,3.03,2006-07-06,"S3"
31.3164178397271,13.69,9.5,2.65,2006-10-01,"S3"
92.5630524564686,20.56,5.6,3.12,2006-07-07,"S3"
30.5595017264486,14.25,8.8,2.82,2006-10-02,"S3"
42.9758293653965,8.23,11.4,4.0088,2006-11-10,"S3"
34.6080191610795,4.89,12.7,4.7606,2006-11-24,"S3"
40.656042910891,0.54,14.4,2.59,2009-02-11,"S3"
35.2754486518139,2.33,13.3,3.11,2009-03-07,"S3"
27.0326092856385,0.78,13.5,3.79,2007-03-12,"S3"
31.1934468423581,0.74,13.3,4.59,2007-03-15,"S3"
13.5012251752535,0.35,13.9,5.81,2007-03-17,"S3"
25.2788630515083,1.12,12.9,4.58,2007-03-23,"S3"
44.4813093775208,5.59,11.4,4.62,2007-03-27,"S3"
52.7387590933467,20.56,8.2,2.61,2006-08-12,"S3"
24.7635057492816,2.9,13.2,3.99,2012-01-06,"S3"
12.8457302115807,0.9,11,3.3,2012-01-30,"S3"
74.5936094733911,23,10.2,3.27,2010-06-18,"S3"
21.4409522543531,0.78,14,4.8,2008-02-28,"S3"
67.2423888359881,14.25,11.2,3.53,2008-05-15,"S3"
108.12476758569,13.2,7.6,3.72,2008-05-15,"S3"
83.4534109575807,12.93,7.9,3.59,2008-05-15,"S3"
63.386006849854,13.22,9.4,3.56,2008-05-15,"S3"
11.5239471158825,2.76,14.9,2.78,2007-11-23,"S3"
82.7888516596734,15.97,13.1,3.6,2008-05-15,"S3"
76.1929193319919,19.77,5.6,3.68,2007-09-05,"S3"
57.9561447175942,5.88,11.7,4.61,2007-11-21,"S3"
31.7926118733488,24.6,9.1,3.61,2010-08-06,"S3"
115.704213069691,21,9.2,2.49,2010-06-04,"S3"
45.2141585770605,1.3,10,3.97,2011-03-25,"S3"
24.9985393255417,12.73,8.3,2.7,2006-10-02,"S3"
29.4325887527588,13.85,11.8,2.71,2006-10-02,"S3"
26.5671866276033,14.54,11.6,2.7,2006-10-02,"S3"
30.7724496039654,13.18,9.9,2.65,2006-10-02,"S3"
39.7964884169219,1.48,13.4,2.6,2009-03-08,"S3"
55.4341225633887,25,11.3,3.37,2010-07-21,"S3"
45.7558002333243,1,11.8,3.51,2011-03-06,"S3"
7.75485997619201,4.8,17.5,3.7,2007-04-17,"S3"
46.6381210850673,2.07,13.4,2.57,2009-03-09,"S3"
154.230590614073,23,7.4,2.81,2011-08-10,"S3"
52.5299553639439,0.33,13.8,2.89,2009-02-12,"S3"
32.1722411864281,12.88,8.5,2.59,2006-10-01,"S3"
36.4303561492503,6.5,11.8,3.37,2011-11-06,"S3"
22.5300281122777,2.5,13.2,4.92,2011-12-13,"S3"
181.650232502457,20.87,5.06,3.08,2007-07-26,"S3"
57.2845255737717,-0.1,13.8,4.09,2010-12-07,"S3"
5.87306571052532,9.5,9.4,2.59,2010-10-15,"S3"
113.625565077408,22,13.9,4.99,2010-05-20,"S3"
18.7377123940416,1,12.5,3.42,2011-03-01,"S3"
104.53564491158,18.12,5.8,2.79,2007-09-25,"S3"
87.261514240726,17.48,13.9,3.72,2008-05-15,"S3"
15.8425508555473,6.7,14.2,4.18,2010-11-12,"S3"
39.2440216386496,0.2,13.5,3.79,2011-01-07,"S3"
211.097394182844,16,13,3.92,2010-05-06,"S3"
38.7939029645131,0.3,12.5,3.97,2011-02-17,"S3"
30.8670471876894,14.87,10.3,2.54,2006-10-02,"S3"
30.7871655990397,15.19,12,2.71,2006-10-02,"S3"
60.199833366214,19.2,7.1,2.78,2011-09-27,"S3"
29.0317676411686,15.27,11.4,2.65,2006-10-02,"S3"
123.015380485215,22.01,16.3,3.69,2008-06-06,"S3"
22.8705819511869,11.2,15.5,3.12,2009-04-24,"S3"
30.7898554817283,20.73,5.5,2.6,2007-09-05,"S3"
36.2514447533611,22.75,12.1,2.91,2007-09-05,"S3"
135.701237046307,23.5,3.7,2.91,2007-06-14,"S3"
109.640254443954,24.5,10.7,2.91,2007-06-14,"S3"
28.9229050471637,8.5,9.5,3.42,2009-04-24,"S3"
22.531764259123,24.18,14.6,1.82,2007-09-05,"S3"
18.0229834367321,8.3,10.3,3.21,2009-04-24,"S3"
83.4234280124326,27.1,15.5,2.82,2007-06-14,"S3"
91.8548946854726,23.2,4.4,2.88,2007-06-14,"S3"
18.2205890035937,12,15.4,2.86,2009-04-24,"S3"
27.4173245339647,20.17,5.9,2.84,2007-09-05,"S3"
-19.7285203580292,19.07,9.7,3.04,2009-09-15,"S3"
18.9157930027542,1.6,13.6,2.37,2009-03-08,"S3"
22.3300719132907,2.05,13.6,2.12,2009-03-09,"S3"
16.0703440741599,2.59,13.3,3.17,2009-03-07,"S3"
13.3205768678346,2.6,10.7,4.31,2011-12-13,"S3"
10.0258939635619,5.3,13.6,3.34,2009-11-18,"S3"
14.2636306933723,5.65,11.3,3.36,2009-12-03,"S3"
18.2854647337625,0.3,13.9,3.67,2009-12-16,"S3"
7.31472180673087,10.55,9.6,3.17,2009-10-29,"S3"
62.1039221415318,21.2,9.3,3.07,2011-06-16,"S3"
72.5339672661561,23.1,8.6,3.7,2011-06-28,"S3"
58.7023809941214,25.8,6.9,2.6,2011-07-25,"S3"
40.3114662508637,22.5,7.9,2.67,2011-08-10,"S3"
33.8231991418303,18.7,7.1,2.67,2011-09-27,"S3"
15.9563441886677,5.9,12,3.62,2011-11-06,"S3"
13.2748895909439,2.1,14.3,4.76,2012-01-06,"S3"
22.8951290471152,1.1,12.5,3.94,2012-01-30,"S3"
26.8635946305759,0.27,13,4.27,2010-01-06,"S3"
29.0830453388717,0.47,14,3.48,2010-01-29,"S3"
21.8065686032231,2,14.7,3.3,2010-02-24,"S3"
40.952200804177,5.2,14.4,3.17,2010-03-11,"S3"
39.1377514412985,1.9,13.3,4.03,2010-03-14,"S3"
38.1428752672581,1,10.8,3.83,2010-03-16,"S3"
37.4032685734436,10.1,11.8,3.3,2010-04-01,"S3"
16.1319332577896,1,13.2,3.83,2011-03-01,"S3"
12.0530987445108,1.4,10.1,4.67,2011-03-25,"S3"
13.4704910691125,11.7,9.3,3.49,2011-05-05,"S3"
32.1854470184704,13.4,8.6,3.46,2011-05-19,"S3"
59.7984201060316,18.36,8.1,3.24,2011-06-02,"S3"
28.1766870253622,0.1,14.3,3.79,2009-02-11,"S3"
34.2979873190067,0.18,14,2.68,2009-02-12,"S3"
16.8460852548527,8.4,10.4,3.39,2009-04-24,"S3"
23.2254482296102,12.7,16.9,3.25,2009-04-24,"S3"
3.79219322922877,0.1,13.7,4.85,2010-12-07,"S3"
43.9750563903648,21.77,15.2,3.22,2008-06-06,"S3"
28.5792594101338,14.8,12.6,2.88,2010-05-06,"S3"
39.0571377291429,20,17.4,4.18,2010-05-20,"S3"
41.627515148297,20,9.2,2.38,2010-06-04,"S3"
38.0194659238979,21,12.9,3.86,2010-06-18,"S3"
55.5331487873528,22,11.8,2.56,2010-07-21,"S3"
23.2663941211209,23.8,9.5,3.1,2010-08-06,"S3"
34.7352388556813,16,7.2,3.06,2011-10-14,"S3"
32.4999855184084,19.2,7.9,3.09,2010-09-24,"S3"
72.4515060608656,26.1,12.8,2.97,2007-06-14,"S3"
72.5169498962079,23.53,7.3,3.03,2007-06-14,"S3"
27.3596663444413,23.44,15,1.97,2007-09-05,"S3"
167.530669644935,0.4,10.8,5.5,2011-01-07,"S3"
34.3792710565008,20.2,7.2,2.62,2007-09-05,"S3"
15.9957429945098,20.8,9.7,2.99,2010-08-24,"S3"
31.3381401331853,0.07,15.6,0.66,2009-02-09,"S3"
12.0979601478083,9.5,9.3,3.32,2010-10-15,"S3"
11.4556195489913,6.9,14.3,3.99,2010-11-12,"S3"
31.6624578062979,19.95,5.7,2.87,2007-09-05,"S3"
103.542277189916,23,4.7,2.67,2007-06-14,"S3"
30.3793598805932,8.64,12.4,3.41,2009-04-24,"S3"
78.2399745245368,23.5,9.5,1.55,2007-09-05,"S4"
70.2638406670253,21.9,7,2.18,2007-09-05,"S4"
37.0280530972289,1.38,13.1,6.14,2008-02-05,"S4"
25.2594323184814,9.58,12.4,2.88,2009-04-24,"S4"
111.765720515227,25.85,7.4,2.58,2007-06-14,"S4"
103.677511104858,25.51,7.7,2.58,2007-06-14,"S4"
33.5621132202762,10.79,13,3.02,2009-04-24,"S4"
113.112239432647,27.83,11.2,2.3,2007-06-14,"S4"
122.85247119922,21.5,7.4,1.78,2007-09-05,"S4"
137.6166124637,23.5,7.6,1.92,2007-09-05,"S4"
111.158370130541,25.25,8.3,2.42,2007-06-14,"S4"
21.0580481856389,8.44,11.2,2.7,2009-04-24,"S4"
25.6139286902279,3.45,13.2,5.33,2008-02-28,"S4"
133.582024109358,27.32,10.7,2.53,2007-06-14,"S4"
106.258885587071,23.49,6.9,2.55,2007-06-14,"S4"
79.8198311046331,21.5,5.3,1.49,2007-09-05,"S4"
32.5258785084868,11.63,13.4,2.8,2009-04-24,"S4"
95.5592892719455,26.3,9.6,1.36,2007-09-05,"S4"
21.6261962671466,8.81,11.4,2.66,2009-04-24,"S4"
24.8067161535295,8.67,10.7,3,2009-04-24,"S4"
77.2299764478432,22,5.5,1.4,2007-09-05,"S4"
40.8677289313814,12.25,15,3.09,2009-04-24,"S4"
115.233728703852,23.35,4.8,2.57,2007-06-14,"S4"
88.4298674261719,25.6,11.8,1.29,2007-09-05,"S4"
26.1248930410726,7.1,11.3,3.3,2007-04-03,"S4"
119.415561979097,27.13,10.2,2.44,2007-06-14,"S4"
34.3141040520989,10,11.9,2.92,2009-04-24,"S4"
123.88450548539,23.5,6.4,2.41,2007-06-14,"S4"
33.4584808872602,11,11.2,2.87,2009-04-24,"S4"
29.1834326191818,6.9,11.1,3.2,2007-04-03,"S4"
66.1014494103346,21.8,6.8,1.04,2007-09-05,"S4"
74.8141914412565,25.6,8.5,1.14,2007-09-05,"S4"
35.3181310817066,9,10.5,2.73,2009-04-24,"S4"
177.38357008664,25,5.7,2.33,2007-06-14,"S4"
169.153046243729,22,4.7,2.24,2007-06-14,"S4"
262.302984189479,25.8,10.3,0.98,2007-09-05,"S4"
50.7287998386714,8.2,10.8,3.4,2007-04-03,"S4"
277.994836420714,22.4,6.2,1.18,2007-09-05,"S4"
43.5987480002368,13,11.8,2.57,2009-04-24,"S4"
217.77061502676,25.4,13.4,1.51,2007-06-14,"S4"
42.3947932538584,12.68,8.5,3.2,2008-05-15,"S4"
232.914924414905,22,9.1,1.57,2007-06-11,"S4"
29.2264566817607,12.21,8.8,3.2,2008-05-15,"S4"
197.068342708172,22.8,6.9,1.05,2007-09-05,"S4"
199.700093544527,28,11.5,0.95,2007-09-05,"S4"
172.683674682733,22.6,7.2,1.04,2007-09-05,"S4"
119.274983421367,23,9.4,1.55,2007-06-14,"S4"
29.4371322883064,10.5,11.3,3.06,2009-04-24,"S4"
91.8143344502699,20,13.3,1.58,2007-06-14,"S4"
103.596964244426,22,8.4,1.61,2007-06-11,"S4"
49.8411613919804,11.8,10.4,2.92,2009-04-24,"S4"
